Авторы;Идентификатор автора(ов);Название;Год
Kuzmina L.I., Osipov Y.V., Zheglova Y.G.;"56104145400;7004957058;57202228987;";Modelling uniform asymptotics of the filtration problem in a porous medium;2018
Kuzmina L.I., Osipov Y.V.;"56104145400;7004957058;";Calculation of two-size particles filtration in a porous medium;2018
Petrosyants K.O.;"6602577918;";Compact Device Models for BiCMOS VLSIs Simulation in the Extended Temperature Range (from-200°C to +300°C);2018
Calafiura P., Farrell S., Gray H., Vlimant J.-R., Innocente V., Salzburger A., Amrouche S., Golling T., Kiehn M., Estrade V., Germaint C., Guyon I., Moyse E., Rousseau D., Yilmaz Y., Gligorov V.V., Hushchyn M., Ustyuzhanin A.;"57217555031;8605233900;38861533700;35228082300;56262842000;57202557624;57195488098;35227294400;57211791588;57205746754;57205735555;6603114322;24758923500;8546457000;36662977100;36016440000;57208118316;55803484600;";TrackML: A high energy physics particle tracking challenge;2018
Ulyanov M.V., Smetanin Y.G., Shulga M.M., Eserkepov A.V., Yu Tarasevich Y.;"56161031500;6507312921;57203286468;57202903380;57208308901;";Characterisation of diffusion-driven self-organisation of rodlike particles by means of entropy of generalised two-dimensional words;2018
Fedorova M.A., Tsyguleva M.V., Vinnikova T.A., Kirnosov V.Y.;"57193409850;57191039611;57201982612;57193411789;";Mathematical model of successful research activities for technical university students;2018
Bankov D., Khorov E., Lyakhov A., Sandal M.;"56769948300;34869950000;8918947900;57205558704;";Enabling Low Latency Communications in Wi-Fi Networks;2018
Loginov V., Kargin I., Khorov E., Lyakhov A.;"56903804200;56449060800;34869950000;8918947900;";Study of Fast Multi-hop ALOHA with Instant Forwarding;2018
Kuzmina L., Osipov Y.;"56104145400;7004957058;";Model of suspension displacement in a porous medium;2018
Khorov E., Kureev A., Levitsky I., Tutelian S.;"34869950000;57008969600;57203640632;57192643980;";Scheduling for Downlink Non-Orthogonal Multiple Access in Wi-Fi Networks 1 the research was done at MIEM NRU HSE and supported by the Russian Science Foundation (agreement No 18-19-00580);2018
Nikitin O.R., Polushin P.A., Saleh H.M., Zhigalov I.E., Dubov I.R., Pozdnyakov A.D.;"57196234329;6701787013;57198496534;6603476757;6603529914;57207732425;";Possibility of diagnostics of non-binary block codes;2018
Nikitin O.R., Polushin P.A., Saleh H.M., Dubov I.R., Pozdnyakov A.D., Zhigalov I.E.;"57196234329;6701787013;57198496534;6603529914;57207732425;6603476757;";Using the singular value decomposition of matrixs for signal processing;2018
Zabirov A.R., Kanin P.K., Vinogradov M.M., Sharafutdinov A.M.;"57202131919;57192077878;57205119109;57205118300;";Factors affecting quenching in cryogenic liquids;2018
Nenomnvashchava E., Antonova E.;"57191823852;57188977428;";Methods and algorithms for numerical calculations in dynamic light scattering problems;2018
Zagorskiy D.L., Bedin S.A., Frolov K.V., Doludenko I.M., Shatalov A.S., Sulyanov S.N., Zhigalina O.M., Artemov V.V., Lomov A.A., Chuev M.A., Cherkasov D.A.;"55816408300;24178033600;57197206381;57201904961;57205126309;6602070939;7004134568;9276424200;57195388208;7004742240;57205125932;";Matrix Synthesis, Structure and Properties of Magnetic Nanowires;2018
Chupilko M., Kamkin A., Kotsynyak A., Protsenko A., Smolov S., Tatarnikov A.;"35752923100;22135022900;57191261445;55396113900;56024015600;56024961500;";Test Program Generator MicroTESK for RISC-V;2018
Dmitrieva L.A., Kuperin Yu.A., Smetanin N.M.;"7102793837;6602409338;57192654579;";Differentiation of brain waves patterns in different states by multifractal analysis;2018
Gaydukov R.K., Danilov V.G.;"56034996400;7201827676;";Equations for velocity oscillations in problems of a fluid flow along a plate with small periodic irregularities on the surface for large Reynolds numbers;2018
Borisova M.A., Ryshikova M.V., Gomazova A.A.;"57222498492;57212565054;57205426235;";Municipal Solid Waste Management in China;2018
Mikhailova O., Gradoselskaya G., Kharlamov A.;"57194423488;57050349500;57193909855;";Social Network Analysis of the Functional Meaning of the Term 'Digital Economy' ∗;2018
Velnikovskaya A., Sizykh N.;"57205435433;57200283373;";Modeling and Assessment of the IT Companies Investment Attractiveness Indicators;2018
Gradoselskaya G., Shcheglova T., Karpov I.;"57050349500;57205437030;56005507700;";Information Waves on Social Networks: Problematization, Definition, Distribution Mechanisms;2018
Tyukhova E., Sizykh D., Smirnov A.;"57205433552;55368026200;57205536235;";Quality Estimation Model of Investment Portfolio Rebalancing Process;2018
Rasskazova A., Koroleva E.;"57200282579;57205433638;";Investment Simulation Model for Estimating the Future Value of Tokens;2018
Akhremenko A., Yureskul E., Petrov A.;"57212303287;57205447871;57192177702;";Measuring alertness the readiness of a social group to participate in protest activity;2018
Maximova M., Arkhipova M.;"57205027425;57191839300;";The Digital Technology Impact on the Quality of Life in the Countries of the World;2018
Sizykh D., Sizykh N.;"55368026200;57200283373;";Classification Analysis Method for Dynamic Characteristics of IT Companies Shares Exchange Value;2018
Yadrintsev V., Bakarov A., Suvorov R., Sochenkov I.;"57204770505;57204777516;57201316646;54394255200;";Fast and Accurate Patent Classification in Search Engines;2018
Krylov V., Krylov S.;"57202860009;57205025785;";Reservoir computing Echo State Network classifier training;2018
Stukach O.V., Ershov I.A., Sychev I.V.;"6507878844;57193403344;57217115434;";Towards the Distributed Temperature Sensor with Potential Characteristics of Accuracy;2018
Savchenko A.;"42962245900;";Efficient Statistical Face Recognition Using Trigonometric Series and CNN Features;2018
Lobanov Y.V., Vakhtomin Y.B., Pentin I.V., Khabibullin R.A., Shchavruk N.V., Smirnov K.V.;"9333900400;6505889206;36766461600;55018400000;57191483723;22945547300;";Characterization of the THz quantum cascade laser using fast superconducting hot electron bolometer;2018
Mozgovoi Yu.D., Khritkin S.A., Nikitina E.M.;"6506039249;6507637494;57205380988;";Dispersion Characteristics of the Folded Waveguide with Electron Beam;2018
Nefedov V.N., Banov D.K., Bushuev V.D.;"27467565900;57205375850;57205378464;";Microwave Method of Heat Treatment of Parabolic Antennas;2018
Presnyakov S.A., Kasatkin A.D., Kravchenko N.P., Stromov Yu.V., Mukhin S.V.;"57190171562;57192577502;7006522919;57203174007;7003565468;";Modeling of Discrete Interaction Processes in Traveling-Wave Tube with Resonator Slow-Wave Structures of Microwave and EHF Ranges;2018
Stukach O.V., Mirmanov A.B.;"6507878844;14632521600;";Short-Term Educational Experiential Project on Microwave Communication Channel for Borehole Telemetry;2018
Mozgovoi Yu.D., Khritkin S.A., Mamontov A.V.;"6506039249;6507637494;24484402300;";Electromagnetic Fields Modeling in the Beam-Type Microwave Cavities;2018
Ivanov A.V.;"57210525826;";Ku-Band Parabolic Antenna Modeling and the Use of Metamaterials in Antenna Technology;2018
Nefedov V.N., Makhmudov S.A.;"27467565900;57205377777;";Modeling of Microwave Heat Treatment of Materials in Devices of the Radial Type;2018
Nefedov V.N., Afanas'Ev V.V., Ryabikina I.G.;"27467565900;57205375758;57076839600;";Heat Treatment of Polymer Composite Materials Using Microwave Radiation;2018
Shilov V.V., Silantiev S.A.;"57200388029;56018508000;";Russian Schoty: Long Way to the West and Back;2018
Yelizarov A.A., Kukharenko A.S., Skuridin A.A.;"7005491804;24484728700;57193888564;";Metamaterial-based Sensor for Measurements of physical Quantities and Parameters of technological Processes;2018
Belov A.V., Zagumennov P.D.;"57195838731;57204945842;";Software Algorithm for Evaluating the Effectiveness of the Financial Message Transfer System;2018
Kofanov Y.N., Sotnikova S.Y., Rotkevich A.S., Almametov R.M.;"6507341695;56703233000;57192592293;57204941385;";Computer Modeling of Thermal and Electrical Processes in Electronic Units with the Account of Random Variances of Parameters;2018
Nekrasov H.A., Azarov V.N.;"57200192349;57192588492;";Predicting of Potential Risks and Revealing of the Facts of Possible Threats in the Organization of the Transport Safety Processes;2018
Fomin S.S., Gudkov Y.I., Tumkovskiy S.R.;"57200192649;57200189724;57188702665;";Concept of a Virtual Workshop on ICT;2018
Grachev N.N., Safonov S.N.;"26534239200;57200193789;";Method to Identify Contact Interference Source on Vehicle;2018
Kofanov Y.N., Lvov B.G., Meleh N.A., Sotnikova S.Y.;"6507341695;55854080900;57204937774;56703233000;";Reliability of Space Infocommunications Equipment;2018
Grachev N.N., Safonov S.N.;"26534239200;57200193789;";Schematic and Design Aspects of Interference Immunity in the Design of Analog Devices Electronic Means;2018
Gudkov Y.I.;"57200189724;";Fiber Optic Sensor for Precise Detection of the Moment of Passage of Reflective Labels;2018
Sambursky L.M., Parfenov D.A., Ismail-Zade M.R., Boldov A.S., Dubyaga B.S.;"12141342300;57225379838;57190178214;57224134345;57204934007;";Prediction of High-Temperature Operation (up to +300°C) of Reference Voltage Source Built with Temperature-Tolerant Production Technology;2018
Petrosyants K.O., Kharitonov I.A.;"6602577918;56711354200;";SPICE Simulation of Total Dose and Aging Effects in MOSFET Circuits;2018
Ivannikov A., Levchenko N., Romanova I.;"7006407136;54912255400;55427298100;";Formal Description of Possible Input Logical Signal Data Sequences for Digital Systems and Their Blocks;2018
Petrosyants K.O., Ryabov N.I., Batarueva E.I.;"6602577918;6506760480;57193409214;";Compact SPICE Models of the Standard Layout Fragments in LSI Interconnections;2018
Kascheev N., Kozyrev O., Vanyagin A.;"37461685100;6602554401;57200260564;";IT Support for Non-Invasive Monitoring of Blood Glucose System;2018
Fígoli I., Perna V., Horta G., Perco L., Reyes A., Sierra W.;"57210176754;57210175567;57210171222;57210172956;57215896139;57210177275;";The role of biomass in Uruguay's energy transformation;2018
Nazarbaeva E.;"57204875611;";Basic income as a prologue to social policy of the 21st century;2018
Vysotsky M., Zhemchugov E.;"7005732490;56465957600;";Equivalent photons at the LHC: Pp (γγ) → ppl + l -, Pb Pb (γγ) → Pb Pb l + l -;2018
Yakovleva A.Y., Volkova I.O.;"57204602121;56104926000;";Towards an innovation ecosystem: The case for stimulating collaboration in the Russian energy sector;2018
Ryzhikov A., Ustyuzhanin A.;"57204500234;55803484600;";Domain adaptation with gradient reversal for MC/real data calibration;2018
Azzolini V., Borisyak M., Cerminara G., Derkach D., Franzoni G., De Guio F., Koval O., Pierini M., Pol A., Ratnikov F., Siroky F., Ustyuzhanin A., Vlimant J.-R.;"35226922200;57000388300;24757787200;32667516700;56670441300;35221473300;57197510202;35278668200;57188630177;35227881400;57215881556;55803484600;35228082300;";Deep learning for inferring cause of data anomalies;2018
Shirobokov S., Filatov A., Belavin V., Ustyuzhanin A.;"57204502123;57200106826;6604082194;55803484600;";Machine Learning for electromagnetic showers reconstruction in emulsion cloud chambers;2018
Chekalina V., Ratnikov F.;"57203398940;35227881400;";Machine Learning approach to γ/π0 separation in the LHCb calorimeter;2018
Derkach D., Hushchyn M., Likhomanenko T., Rogozhnikov A., Kazeev N., Chekalina V., Neychev R., Kirillov S., Ratnikov F.;"32667516700;57208118316;57202563482;57193400414;57188677897;57203398940;57199856336;57204504830;35227881400;";Machine-Learning-based global particle-identification algorithms at the LHCb experiment;2018
Khairullin E., Ustyuzhanin A.;"56925543500;55803484600;";Speeding up prediction performance of BDT-based models;2018
Amadio G., Ananya, Apostolakis J., Bandieramonte M., Behera S., Bhattacharyya A., Brun R., Canal P., Carminati F., Cosmo G., Drogan V., Duhem L., Elvira D., Genser K., Gheata A., Gheata M., Goulas I., Hariri F., Ivantchenko V., Jun S., Karpinski P., Khattak G., Konstantinov D., Kumawat H., Lima G., Martinez-Castro J., Mendez Lorenzo P., Miranda-Aguilar A., Nikolics K., Novak M., Orlova E., Pokorski W., Ribon A., Sehgal R., Schmitz R., Sharan S., Shadura O., Vallecorsa S., Wenzel S.;"8441983400;57214097105;6603663569;24437415900;26632881200;57188632345;7102715328;12781132900;7004844892;8782462300;57204455031;56737001300;22956884900;35227293500;6603297478;6506859305;6508067216;56340946600;57199839837;35227370300;57193614657;57204460269;16744350200;6506199972;35227629200;55020624500;23480244300;57204451552;57225810000;56735407200;57222441286;6506194923;35227885400;56400391200;55600938200;57204462026;56578459400;35228122400;8945720600;";GeantV alpha release;2018
Konovalov S., Mayorov D., Ponomarev Y., Soloveva T.;"16401974800;37054225500;37054516700;6602542785;";High-precision smart system on accelerometers and inclinometers for Structural Health Monitoring: Development and applications;2018
Darina Y., Daurtsev I.;"57205030872;57212782819;";Support for innovative fast growing companies as an element of sustainability of the Russian financial system;2018
Alturki M.A., Nigam V., Kanovich M., Scedrov A., Kirigin T.B., Talcott C.;"19638637200;23390327300;56117921300;6701808416;57225069898;7003406044;";Statistical model checking of distance fraud attacks on the Hancke-Kuhn family of protocols;2018
Poyane R.;"57204692334;";Toxic communication during streams on Twitch.tv. The case of Dota 2;2018
Marchenko E., Suschevskiy V.;"57204688505;57204690361;";Analysis of players transfers in esports. The case of Dota 2;2018
Vysogorets S., Nazarychev A., Gorec I., Tadjibaev A.;"57199325107;25654082300;57204434267;6603244960;";Management of power transformers reliability by technologies of control on resource characteristics of liquid dielectric;2018
Dabrowski M.;"7102470639;";Examining interrelation between global and national income inequalities;2018
Rubtsov V., Kamenshchikov M., Valyaev I., Leksin V., Ignatov D.I.;"57197821518;57428983900;57204695191;36084898000;56926915100;";A hybrid two-stage recommender system for automatic playlist continuation;2018
Abrosimova P., Shalyaeva I., Lyadova L.;"57210282610;57197728766;57197736058;";The Ontology-Based Event Mining Tools for Monitoring Global Processes;2018
Varnavsky A.N.;"23991812100;";Research of Simple Genetic Algorithm Parameters for Estimating Duration of the Elements of the 'Work-Rest' Cycle of a Production Worker;2018
Lanin V.;"56562823800;";Tools for Internet Competitive Intelligence Based on Ontology;2018
Romanov A.Y., Romanova I.I., Glukhikh A.Y.;"55372881400;55427298100;57204497454;";Development of a Universal Adaptive Fast Algorithm for the Synthesis of Circulant Topologies for Networks-on-Chip Implementations;2018
Korneev A., Kovalyuk V., An P., Golikov A., Zubkova E., Ferrari S., Kahl O., Pernice W., Goltsman G.;"7006297830;35778256000;41861081500;57146998800;57198350723;56594333800;56898793400;16040560600;7006771637;";Superconducting single-photon detector for integrated waveguide spectrometer;2018
Korneeva Y., Vodolazov D., Florya I., Manova N., Smirnov E., Korneev A., Mikhailov M., Goltsman G., Klapwijk T.M.;"36617215400;6603815487;36155188500;39861940200;57204215833;7006297830;7102391679;7006771637;7006694350;";Single photon detection in micron scale NbN and α-MoSi superconducting strips;2018
Lozing N.A., Gladush M.G., Eremchev I.Y., Ekimov E.A., Naumov A.V.;"57193698933;6507543121;26648723600;6701408765;7201349036;";Spontaneous transitions to enhanced fluorescence for GeV centers in a single microcrystalline diamond;2018
Habibi P.A., Amrizal V., Bahaweres R.B.;"57204421096;57193340434;55625202600;";Cross-Project Defect Prediction for Web Application Using Naive Bayes (Case Study: Petstore Web Application);2018
Ulitin B., Babkin E.;"57191269342;6701533991;";An object-oriented model for smart devices in internet of things;2018
Gasho E.G., Gasho I.A.;"6507338990;56584524000;";Economics and Ecology Symbiosis: Transition to Principles of Best Available Techniques;2018
Lavrukhin I.R., Larionov A.A., Yelizarov A.A.;"57204900350;55402241600;7005491804;";Analysis and modeling of the protocol of radio frequency identification of vehicles on road stations;2018
Yelizarov A.A., Nazarov I.V., Sidorova T.V., Malinova O.E., Karavashkina V.N.;"7005491804;56994097300;57203166316;57211904310;26040796300;";Modeling of a Waveguide Stop-band Filter with a Mushroom-shaped Metamaterial Wall and Dielectric Substrates;2018
Klimov K.N., Konov K.I.;"7004068781;57204895333;";Method for choosing the variable of integration on numerical simulation of ray paths in inhomogeneous media;2018
Mitrofanov A.A., Safin A.R., Udalov N.N.;"56581572800;36523944600;6507087133;";Phase Noises of Two Identical Mutually Coupled Spin-Transfer Nanooscillators;2018
Kuzmina L., Osipov Y.;"56104145400;7004957058;";Deep bed filtration with multiple pore-blocking mechanisms;2018
Darkhovsky B., Piryatinska A.;"6603906205;10040800700;";Model-free offline change-point detection in multidimensional time series of arbitrary nature via ϵ-complexity: Simulations and applications;2018
Priemyshev A., Zhukov V., Komarov M.;"57213581744;57220203427;6603888073;";The behavior of consumers in the shop based on the data from 'Locastor' system;2018
Prokhorenkov D., Panfilov P.;"57204020316;24765338600;";Discovery of technology trends from patent data on the basis of predictive analytics;2018
Tsukanova O.A., Maltseva S.V., Fedorov K.E.;"56022228800;56022395900;57204017169;";Modeling and analysis of social network dynamics on the macro-level in view of the customer-centric concept;2018
Khorov E., Lyakhov A., Yusupov R.;"34869950000;8918947900;57203959034;";Two-Slot Based Model of the IEEE 802.11ah Restricted Access Window with Enabled Transmissions Crossing Slot Boundaries;2018
Dormidontova E., Komarov M.;"57204467819;6603888073;";Quality of services provided for users in fifth generation wireless networks;2018
Makarov I., Korinevskaya A., Aliev V.;"57203060623;57197812175;57197847593;";Sparse Depth Map Interpolation using Deep Convolutional Neural Networks;2018
Belov A.A., Andrianova O.G.;"57193753066;55507711800;";On Optimal Anisotropy-Based Control Problem for Discrete-Time Descriptor Systems;2018
Savchenko A.V.;"42962245900;";Granular computing and sequential analysis of deep embeddings in fast still-to-video face recognition;2018
Ossadtchi A.E., Kulachenkov N.K., Chuchelov D.S., Dmitriev S.P., Pazgalev A.S., Petrenko M.V., Vershovskii A.K.;"6603011121;57224283220;57197800827;7102791516;6603519068;23005991200;6602439339;";Towards magnetoencephalography based on ultrasensitive laser pumped non-zero field magnetic sensor;2018
Feygina A., Ignatov D.I., Makarov I.;"56593108700;56926915100;57203060623;";Realistic post-processing of rendered 3D scenes;2018
Ivanov F., Rybin P.;"36864905600;36928219500;";On the Maximal Achievable Rate for Signal-Code Construction Based on Interleaved Reed-Solomon Codes for Multiple Access System Over Vector-Disjunctive Channel;2018
Khorov E., Lyakhov A., Zhirnov N.;"34869950000;8918947900;57202738238;";Analytical Study of Adaptive Video Generation in CCTV Over Public Wireless Networks;2018
Khorov E., Kureev A., Levitsky I., Lyakhov A.;"34869950000;57008969600;57203640632;8918947900;";Testbed to Study the Capture Effect: Can We Rely on this Effect in Modern Wi-Fi Networks;2018
Godunov S.I., Glazyrin S.I., Machet B., Vysotsky M.I.;"37007506700;42461390400;6603595077;7005732490;";Critical nucleus charge in a superstrong magnetic field;2018
Klenin E., Kozachinskiy A.;"57203857957;57006670000;";One-sided error communication complexity of gap hamming distance;2018
Andreev M., Posobin G., Shen A.;"36605785400;57203852407;7101987347;";Plain stopping time and conditional complexities revisited;2018
Kozachinskiy A.;"57006670000;";From expanders to hitting distributions and simulation theorems;2018
Bankov D., Didenko A., Khorov E., Lyakhov A.;"56769948300;57201554866;34869950000;8918947900;";OFDMA Uplink Scheduling in IEEE 802.11ax Networks;2018
Romanov A.Yu., Amerikanov A.A., Lezhnev E.V.;"55372881400;57203339475;10040798500;";Analysis of Approaches for Synthesis of Networks-on-chip by Using Circulant Topologies;2018
Smuseva D.A., Rolich A.Y.;"57203341381;57190175037;";Research and software development using AR technology;2018
Smetanin Y.G., Uljanov M.V., Shulga M.M.;"6507312921;56161031500;57203286468;";On calculating the entropy of 2D words over a finite alphabet;2018
Rusakov O., Laskin M.;"6603618187;57189848894;";Self-similarity in the wide sense for information flows with a random load free on distribution;2018
Andrianova O.G., Belov A.A.;"55507711800;57193753066;";Suboptimal anisotropy-based control for linear discrete-time systems with norm-bounded uncertainties;2018
Oveshnikov L., Morgun L., Nekhaeva E., Kulbachinskii V., Aronzon B.;"55332315400;55710841000;57193014892;7005137116;7005444698;";Quantum effects in magnetotransport of InGaAs quantum wells with remote Mn impurities;2018
Gilmanov M., Semeno A., Samarin A., Demishev S.;"56388711600;6603469435;56388563800;7006613161;";A novel method of ESR oscillating magnetization value determination in strongly correlated metals;2018
Popova E., Klimin S., Popova M., Klingeler R., Büchner B., Vasiliev A.;"56760485300;57206712624;7103171798;57189580384;23020860700;7402046602;";Coexistence of the magnetically ordered and Haldane states in (Y1-xNdx)2BaNiO5;2018
Leshchiner D., Zvezdin K., Popkov A., Chepkov G., Perlo P.;"57203765338;6603150222;55531270300;57203759232;57193015229;";Image reconstruction algorithms for the microwave holographic vision system with reliable gap detection at theoretical limits;2018
Ivanov F., Rybin P.;"36864905600;36928219500;";Signal-code construction based on interleaved reed-solomon codes for multiple access system over vector-disjunctive channel;2018
Korinevskaya A., Makarov I.;"57197812175;57203060623;";Fast Depth Map Super-Resolution Using Deep Neural Network;2018
Novikov D.;"57208582003;";Some Applications of the Results of Solving the Problem of Tuning for the Analysis of the Phenomenon of Intervention in the Economy;2018
Musabirov I., Bakhitova A.;"56543502400;57200294646;";Code-sharing networks of non-STEM students: The case of data science minor;2018
Mazaeva E., Pozanenko A., Minaev P.;"57050297900;6508296997;35180144000;";Inhomogeneities in the light curves of gamma-ray bursts afterglow;2018
Minaev P., Pozanenko A., Molkov S.;"35180144000;6508296997;55916080000;";Precursors of short gamma-ray bursts detected by the INTEGRAL observatory;2018
Krayneva I., Pivovarov N., Shilov V.;"56538614400;57193197870;57200388029;";Soviet Computing: Developmental Impulses;2018
Oganjanyan S., Silantiev S.;"57203023163;56018508000;";Sergey Mergelyan: Triumph and Tragedy;2018
Revich Y., Shilov V.;"57203025356;57200388029;";Soviet Computer Technology in Non-Public Assessments of Contemporaries;2018
Oganjanyan S., Silantiev S.;"57203023163;56018508000;";'Nairi Computer Series' - Harbingers of the Personal Computer;2018
Fomichov V.A., Razorenov A.A.;"6602185149;56202182700;";Theory of K-representations as a tool for designing file managers with a natural language interface;2018
Chupilko M., Kamkin A., Kotsynyak A., Protsenko A., Smolov S., Tatarnikov A.;"35752923100;22135022900;57191261445;55396113900;56024015600;56024961500;";Maintaining ISA Specifications in MicroTESK Test Program Generator;2018
Taratukhin V., Kupriyanov Y.V., PhD C.W., Anikushina V.;"57053054800;6507677996;57203309511;57201670622;";Leveraging the tech-savvy next-generation talents and hackathon techniques to accelerate digital enterprise journey and space-related endeavors;2018
Makarov I., Korinevskaya A., Aliev V.;"57203060623;57197812175;57197847593;";Super-resolution of interpolated downsampled semi-dense depth map;2018
Aleskerov F., Khutorskaya O., Buldyaev A., Yamilov A.;"7003947309;6603460398;57202981293;57202996230;";Parkinson's disease: Network analysis of publications' impact;2018
Badalyan T., Zhong Y., uz Zaman M.S., Badalyan M.;"57200341550;55536643300;55886240400;57204424927;";Corruption in the customs service;2018
Medvedev A., Bobrova E., Poserenin A., Zarmanyan E.;"57203071437;57192377195;57202817730;57202814653;";Evaluation of mineral fiber properties using x-ray fluorescence analysis and measurement of natural radioactivity;2018
Markovskaya E., Holodkova V., Radushinsky D., Feoktistova O., Borisova A.;"57217704029;57202821517;57197816582;57202812412;57202818215;";Public-private partnerships: Approaches to assessing economic effects for stakeholders;2018
Makarov I., Korinevskaya A., Aliev V.;"57203060623;57197812175;57197847593;";Fast semi-dense depth map estimation;2018
Ivanov A., Khorov E., Lyakhov A., Kuznetsov E.;"55984138800;34869950000;8918947900;57191416172;";Mathematical study of QoS-aware multicast streaming in Wi-Fi networks;2018
Khorov E., Krasilov A., Malyshev A.;"34869950000;36622962400;57204771648;";Radio resource and traffic management for ultra-reliable low latency communications;2018
Izmodenov V., Alexashov D.;"6701403199;6508066889;";On the problem of two-tail heliosphere/astrospheres;2018
Domanski R., Estevez E., Styrin E., Alfano M., Harrison T.M.;"57201461652;16642657700;53865533400;36762163600;56362971400;";Toward an ethics of digital government: A first discussion;2018
Makarov I., Gerasimova O., Sulimov P., Zhukov L.E.;"57203060623;57190962423;57202608997;56962754300;";Recommending Co-authorship via Network Embeddings and Feature Engineering: The case of National Research University Higher School of Economics;2018
Belogaev A., Khorov E., Krasilov A., Lyakhov A.;"57190987092;34869950000;36622962400;8918947900;";Analytical study of incremental approach for information dissemination in wireless networks;2018
Shirokanova A., Silyutina O.;"36683200600;57197750986;";Internet regulation media coverage in Russia: Topics and countries;2018
Rajput N.S., Mukesh, Mishra A., Sisodia A., Makarov I.;"36744644500;57203067670;57201340690;57225276697;57203060623;";A novel autonomous taxi model for smart cities;2018
Grachev N.N., Safonov S.N.;"26534239200;57200193789;";Investigation of the sensitivity and stability of transfer characteristic of electromechanical measuring transducer of small values of velocity head of rarefied gas;2018
Lomakin I.V.;"57198782401;";Continuing igor kon: Gender, family and employment. Special session at VIII sociology grushin conference;2018
Denisova M.;"24586680700;";Surrogate motherhood in Russia and in the world: Legal issues and vectors of sociological research: Round table of the laboratory for studies in economic sociology, February 22, 2018, Moscow, Russia;2018
Gonchar K., Kuznetsov B.;"6506713940;16039562100;";How import integration changes firms’ decisions to innovate;2018
Kravchenko N.P., Kasatkin A.D., Presnyakov S.A., Stromov Yu.V., Mukhin S.V.;"7006522919;57192577502;57190171562;57203174007;7003565468;";Program complex for designing cm-and mm-range traveling-wave tube;2018
Malinova O.E., Sidorova T.V., Nazarov I.V., Yelizarov A.A., Karavashkina V.N.;"57211904310;57203166316;56994097300;7005491804;26040796300;";Waveguide termination with a magnetic wall on the mushroom-shaped metamaterial modeling;2018
Nazarov A.N., Mikhalevich I.F.;"7201780424;57203173198;";Methodology development and implementation of protected hardware and software platform based on the existing;2018
Alexandrov D., Karepin V., Musabirov I., Chuprina D.;"9243817900;57190003789;56543502400;57216901220;";Educational Migration from Russia to the Nordic Countries, China and the Middle East. Social Media Data;2018
Musabirov I., Bulygin D., Okopny P., Konstantinova K.;"56543502400;57148215000;56543628600;57201135285;";Event-driven spectators’ communication in massive eSports online chats;2018
Shalileh S., Shahdi S.O.;"57202057084;36680945800;";Crowd scenes analysis using multiple sliding windows classifiers and Histogram of Oriented Gradient;2018
Zavyalov V.V., Chernyaev S.A., Shein K.V., Shukaleva A.G., Arutyunov K.Y.;"6506725939;57201775520;57201781486;57201772972;6603572972;";Examination of cryogenic filters for multistage RF filtering in ultralow temperature experiments;2018
Krasnikova Yu.V., Glazkov V.N., Fayzullin M.A., Schmidiger D., Povarov K.Y., Galeski S., Zheludev A.;"56271899600;7006676720;37016169600;53985136800;47861340800;56566681900;35494821000;";Low temperature ESR in spin ladder (C7H10N)2Cu(1-x)Zn x Br4;2018
Smirnov A.I., Soldatov T.A., Petrenko O.A., Takata A., Kida T., Hagiwara M., Zhitomirsky M.E., Shapiro A.Y.;"7403688200;56051446300;7006410897;57193535464;25649548800;7201487309;7004275599;7403333107;";Competition between dynamic and structural disorder in a doped triangular antiferromagnet RbFe(MoO4)2;2018
Glazkov V.N., Krasnikova Y.V., Hüvonen D., Zheludev A.;"7006676720;56271899600;6507443980;35494821000;";Formation of the S = 1 paramagnetic centers in the bond-diluted spin-gap magnet (C4H12N2)(Cu2Cl6);2018
Ivanov O., Avdeuk O., Bushmeleva K., Ivanov I., Uvaysov S.;"56825268300;55847842900;57199347935;55437379400;55931417100;";Model for calculating the reliability of a wireless sensor telecommunication system for monitoring the gas transmission network state;2018
Petrosyants K.O., Kozhukhov M.V., Dvomikov O.V., Savchenko E.M., Budyakov A.S.;"6602577918;54913927200;12039472200;25227834300;25227252700;";SPICE-model of SiGe HBT taking into account radiation effects;2018
Kofanov Y.N., Sotnikova S.Y.;"6507341695;56703233000;";The theory of virtual modeling of physical processes in onboard electronic means;2018
Vostrikov A.V., Prokofeva E.N., Polesskiy S.N.;"57190165616;57200247592;57190164867;";Design of onboard cable network of the spacecraft for the formation of geoinformation systems;2018
Ivannikov A., Pozdneev B., Romanova I., Tumkovskiy S.;"7006407136;6603000188;55427298100;57188702665;";Debugging test set generation for digital control system functions;2018
Petrosyants K.O., Ismail-Zade M.R., Sambursky L.M., Dvornikov O.V., Lvov B.G., Kharitonov I.A.;"6602577918;57190178214;12141342300;12039472200;55854080900;56711354200;";Automation of parameter extraction procedure for Si JFET SPICE model in the -200...+110°C temperature range;2018
Polyakov E.V., Mazhanov M.S., Rolich A.Y., Voskov L.S., Kachalova M.V., Polyakov S.V.;"57203261063;57203260804;57190175037;35367655200;57203265313;57203265826;";Investigation and development of the intelligent voice assistant for the Internet of Things using machine learning;2018
Zhadov A.D.;"57203269502;";Analysis of signal integrity in a microstrip transmission line on a substrate of the nanoconducting dielectric;2018
Ivanov I.A., Korolev P.S., Sedov K.D.;"55437379400;57209643028;57203268860;";The complex of automated control of secondary power supplies parameters;2018
Lysogor I.I., Voskov L.S., Efremov S.G.;"57203248185;35367655200;35366278900;";Survey of data exchange formats for heterogeneous LPWAN-satellite IoT networks;2018
Abrameshin D.A.;"57203240690;";Radiation-induced conductivity of molecularly doped polycarbonate;2018
Petrosyants K.O., Ryabov N.I., Lvov B.G., Batarueva E.I.;"6602577918;6506760480;55854080900;57193409214;";Development of compact SPICE-models of IC resistive interconnects with different configurations;2018
Afanasyeva M.;"57195150827;";The increased resistance of the spacecraft electronic elements containing dielectrics to the emergence of ESD;2018
Stukach O., Mirmanov A., Ivanov Y.Y.;"6507878844;14632521600;57220701939;";Signal processing in the microwave front-end radiolink for logging-while-drilling through the borehole pipes;2018
Kutuzov D., Osovsky A., Stukach O., Starov D.;"21834304000;54684847600;6507878844;55213996200;";CPN-based model of parallel matrix switchboard;2018
Grachev N.N., Safonov S.N.;"26534239200;57200193789;";Method of detection of a source of contact noises at wireless communication in motion;2018
Andreev D.V., Bondarenko G.G., Andreev V.V., Stolyarov A.A.;"56500115200;7103344120;57191446935;7005527969;";Automatized setup for researching of MIS structures under high-field tunnel injection of electrons at stress and measurement conditions;2018
Grachev N.N., Safonov S.N.;"26534239200;57200193789;";Non-contact method for assessing the quality of assembly of electronic devices based on registration and analysis of contact radio interference;2018
Gromov I.Y., Kozhevnikov A.M., Kofanov Y.N.;"57194619900;57190175382;6507341695;";The method of automated synthesis of thermal control systems of microelectronic devices;2018
Kokovin V.A., Uvaysov S.U., Uvaysova S.S.;"8668606200;55931417100;57190179032;";Real-time sorting and lossless compression of data on FPGA;2018
Semion A.A.;"57203241797;";A method for realization of nonlinear state-dependent coefficients regulators based on microcontroller memory;2018
Stukach O., Mirmanov A., Ivanov Y.Y.;"6507878844;14632521600;57220701939;";The factor and regression characterization of the broad-band variable attenuator with large dynamic range and low insertion phase shift;2018
Andreev V.V., Bondarenko G.G., Andreev D.V., Akhmelkin D.M.;"57191446935;7103344120;56500115200;56606216600;";Sensors based on MIS structures for study of ionization radiations;2018
Kulagin V.P., Ivanov A.I., Kaperko A.F., Kuznetsov Y.M., Obolyaeva N.M., Chulkova G.M., Yurin A.N., Shustrov A.V.;"56912007700;57189212610;6507584555;57191619222;57193347249;6701631046;15756657400;57195321592;";The technology of processing information and recognizing gas mixtures using a multisensory system based on the use of neural networks;2018
Tyryshkina E.;"57210927125;";Protection of spacecraft electronics against ESD effects using nanoconductive insulators;2018
Polishchuk F.S.;"57203208709;";Simulation of the instrumentation amplifier implemented on a printed circuit board of nanoconductive dielectric;2018
Sandoval-Almazan R., Styrin E.;"56000895700;53865533400;";Towards an open government data comparative model;2018
Karpov M.;"57203321696;";"East European ""Big-Bang"" Revisiting East Asia? Why Chinese ""Gradual Transition"" Can End Up with ""Shock Therapy""";2018
Nozdrinova E.V., Pochinka O.V.;"57201676411;6507516545;";On existence of a smooth arc without bifurcations joining source-sink diffeomorphisms on 2-sphere;2018
Zhukova N.I.;"16308609800;";The existence of attractors of Weyl foliations modelled on pseudo-Riemannian manifolds;2018
Medvedev T., Medvedev V., Zhuzhoma E.;"57082921500;7202315836;6603572170;";Dynamics of one model of the fast kinematic dynamo;2018
Besschetnova E., Kantor V.;"57195737021;37095241800;";"Review of conferences on the occasion of the 100-year anniversary of the Russian revolution of 1917: International Laboratory for the Study of Russian and European intellectual dialogue, 27-28 April 2017; 28-29 September 2017; 23-24 November 2017";2018
Evtushenko Y., Posypkin M., Turkin A., Rybak L.;"7004127560;55893068900;57193997540;7006793717;";On the dependency problem when approximating a solution set of a system of nonlinear inequalities;2018
Stepanov R., Romenskyi D., Tsarenko S.;"57212815504;57201385540;56596593600;";Dynamics of Longitudinal Impact in the Variable Cross-Section Rods;2018
Korneev A., Kovalyuk V., An P., Golikov A., Zubkova E., Goltsman G., Ferrari S., Kahl O., Pernice W.;"7006297830;35778256000;41861081500;57146998800;57198350723;7006771637;56594333800;56898793400;16040560600;";Superconducting Single-Photon Detectors for Integrated Nanophotonics Circuits;2018
Gareeva Z., Zvezdin K., Popkov A., Zvezdin A.;"16041800400;6603150222;55531270300;35482314600;";Magnetic topological structures in multiferroics;2018
Gilmer P.M., Orevkov S.Y.;"7004509654;6701313584;";Signatures of real algebraic curves via plumbing diagrams;2018
Kondratov A.P., Zueva A.M., Varakin R.S., Taranec I.P., Savenkova I.A.;"6603924314;57201189886;57201184992;57201188071;6602340222;";Polymer film strain gauges for measuring large elongations;2018
Baeva E., Sidorova M., Korneev A., Goltsman G.;"57221329349;56878620300;7006297830;7006771637;";Precise measurement of the thermal conductivity of superconductor;2018
Fedorov A.K., Yudson V.I., Shlyapnikov G.V.;"55643903000;35577221400;7006455582;";Superfluidity of identical fermions in an optical lattice: Atoms and polar molecules;2018
Zolotov P., Divochiy A., Vakhtomin Y., Moshkova M., Morozov P., Seleznev V., Smirnov K.;"57191403728;22979146300;6505889206;57193950740;57189463850;24173874200;22945547300;";Photon-number-resolving SSPDs with system detection efficiency over 50% at telecom range;2018
Lenev D.Yu., Norman G.E.;"57192649125;7102607294;";Sticking coefficient for Fe atoms interacting with iron cluster;2018
Pisarev V.V., Zakharov S.A.;"35325203000;57220525918;";Comparison of forcefields for molecular dynamics simulations of hydrocarbon phase diagrams;2018
Fleita D.Yu., Norman G.E., Pisarev V.V.;"57201188129;7102607294;35325203000;";Study of phase transition in the pure metal melt during ultrafast cooling by method of higher-order correlation functions;2018
Nikolskiy V.P., Stegailov V.V.;"57195808892;6603823822;";Graphics-processing-unit-accelerated finite-difference time-domain simulation of the interaction between ultrashort laser pulses and metal nanoparticles;2018
Norman G.E., Saitov I.M.;"7102607294;36020574400;";Molecules ionization at phase transition in warm dense hydrogen;2018
Popel S.I., Golub A.P., Zelenyi L.M., Horányi M.;"7004783855;36902171000;7004885025;7004420623;";Dusty plasmas in the lunar exosphere: Effects of meteoroids;2018
Kondratyuk N.D., Norman G.E., Stegailov V.V.;"57063584200;7102607294;6603823822;";Quantum nuclear effects in water using centroid molecular dynamics;2018
Nikolaev V.S., Timofeev A.V.;"57214768591;57201423009;";Dependence of average inter-particle distance upon the temperature of neutrals in dusty plasma crystals;2018
Kirova E.M., Pisarev V.V.;"57132819200;35325203000;";The behavior of stress correlations and glass transition temperature in liquid aluminum at cooling and heating process;2018
Efimov A.A., Arsenov P.V., Protas N.V., Minkov K.N., Urazov M.N., Ivanov V.V.;"55820446000;57191381546;57201065713;57191752913;57194383933;55981719800;";Dry aerosol jet printing of conductive silver lines on a heated silicon substrate;2018
Bankov D., Didenko A., Khorov E., Loginov V., Lyakhov A.;"56769948300;57201554866;34869950000;56903804200;8918947900;";IEEE 802.11ax uplink scheduler to minimize delay: A classic problem with new constraints;2018
Kureev A., Bankov D., Khorov E., Lyakhov A.;"57008969600;56769948300;34869950000;8918947900;";Improving efficiency of heterogeneous Wi-Fi networks with joint usage of TIM segmentation and restricted access window;2018
Bankov D., Khorov E., Lyakhov A.;"56769948300;34869950000;8918947900;";Mathematical model of LoRaWAN channel access with capture effect;2018
Mozgovoi Y.D., Khritkin S.A.;"6506039249;6507637494;";Phase focusing and synchronization of microwave generator with electron-oscillator flows;2018
Yelizarov A., Nazarov I., Skuridin A., Kukharenko A.;"7005491804;56994097300;57193888564;24484728700;";Investigation of a rectangular waveguide with a magnetic wall made of mushroom-shaped metamaterial;2018
Yelizarov A., Nazarov I., Skuridin A., Kukharenko A.;"7005491804;56994097300;57193888564;24484728700;";Investigation of microwave sensor on the planar mushroom-shaped metamaterial;2018
Mozgovoi Y.D., Khritkin S.A., Evdokimov Y.V.;"6506039249;6507637494;36783103800;";Analysis of copropagating electron beams interaction in a smooth waveguide;2018
Kravchenko N.P., Presnyakov S.A., Kasatkin A.D., Mukhin S.V.;"7006522919;57190171562;57192577502;7003565468;";Investigation of 'serpentine'-type slow-wave structures in the terahertz range;2018
Pchelnikov Y.N., Yelizarov A.A.;"6603531328;7005491804;";TWT model on a meta-magnetic plate;2018
Mozgovoi Y.D., Khritkin S.A.;"6506039249;6507637494;";Radiation of multibeam microwave generator on electron-oscillator flows;2018
Zotov L., Bizouard C.;"6603169173;6603368769;";"""escargot Effect"" and the Chandler Wobble Excitation";2018
Kolotev S., Malyutin A., Burovski E., Shchur L.;"57200691679;57200691718;8381708700;56004933800;";Interfaces in evolutionary games;2018
Vnukov A.A., Blinov A.E.;"57195838028;57225816915;";Simulation System for Making Political and Macroeconomical Decisions and Its Development;2018
Soroko E.;"57200723297;";How the methods of natural sciences can help in the studies of ethnically mixed families?;2018
Chetverikov V.M.;"16502510000;";Properties of the Tent map for decimal fractions with fixed precision;2018
Trubochkina N.;"6506346963;";Transitional circuitry for studying the properties of DNA;2018
Vulfson A.N., Nikolaev P.V.;"6506335466;57195472184;";An integral model of a convective jet with a pressure force and forms of vertical fluxes in the atmospheric surface layer;2018
Klimenkova O., Menshutin A., Shchur L.;"57200722422;12345220400;56004933800;";Influence of the random walk finite step on the first-passage probability;2018
Vnukov A.A., Shershnev M.B.;"57195838028;57200724510;";Research of the effectiveness of parallel multithreaded realizations of interpolation methods for scaling raster images;2018
Manita A., Manita L.;"55664795400;6507604680;";Distributed Time Synchronization Algorithms and Opinion Dynamics;2018
Trubochkina N.;"6506346963;";Fractal tomography and its application in 3D vision;2018
Fadeeva M., Shchur L.;"57196399074;56004933800;";On the mixing time in the Wang-Landau algorithm;2018
Manita L., Ronzhina M.;"6507604680;57192265569;";Singular solutions for vibration control problems;2018
Gorbunov A.A., Isaev E.A., Samodurov V.A.;"56132424200;7006155805;6603317877;";Perspectives of intellectual processing of large volumes of astronomical data using neural networks;2018
Chykhradze K., Malyshev I., Turdakov D., Korshunov A.;"56047167500;57203189143;35077216300;55582246900;";Distributed generation of mobile call graphs with DPLN degree distribution;2018
Mitsyuk A.A.;"56380468400;";Non-Local Correction of Process Models Using Event Logs;2018
Drobyshevskiy M., Turdakov D., Kuznetsov S.;"57200215911;35077216300;7202573389;";Reproducing network structure: A comparative study of random graph generators;2018
Frolov A.V., Orlov A.P., Sinchenko A.A., Volkov V.A., Gerasimenko Y.A., Kuntsevich A.Y., Pudalov V.M.;"57193951950;57220160705;6602112623;57210474759;56265508100;8435043300;7004386882;";Magneto-quantum oscillations in Bi2Se3 nanowires;2018
Tsygankov E.A., Petropavlovsky S.V., Vaskovskaya M.I., Zibrov S.A., Velichansky V.L., Yakovlev V.P.;"6508391435;56560284600;57195983389;10339676200;6603882660;7201907570;";Controlling the light shift of the CPT resonance by modulation technique;2018
Katzarkov L., Pandit P., Simpson C.;"6603096456;56506792100;16305634500;";Reduction for SL(3) pre-buildings;2018
Bakarov A., Suvorov R., Sochenkov I.;"57204777516;55575679300;54394255200;";The Limitations of Cross-language Word Embeddings Evaluation;2018
Tyers F.M., Sheyanova M., Martynova A., Stepachev P., Vinogradovsky K.;"36474191000;57392205400;57391563500;57391819100;57392205500;";Multi-source synthetic treebank creation for improved cross-lingual dependency parsing;2018
Dunin-Barkowski P.;"26026587500;";Topological recursion and givental’s formalism: Spectral curves for gromov-witten theories;2018
Trifonov V., Ganea O.-E., Potapenko A., Hofmann T.;"57219499981;57200218231;55631849300;56735589800;";Learning and Evaluating Sparse Interpretable Sentence Embeddings;2018
Polishchuk A.;"7004476955;";Contracting the weierstrass locus to a point;2018
Talipova A.;"57142433300;";Recently announced reforms in the Russian domestic gas market: Impact on the market players' value in new realities of international gas trading;2018
Okounkov A.;"6701591697;";On the crossroads of enumerative geometry and geometric representation theory;2018
Chistyakov A., Lobacheva E., Shevelev A., Romanenko A.;"57210584082;56102315900;57210579209;57210582788;";Monotonic models for real-time dynamic malware detection;2018
Khrulkov V., Novikov A., Oseledets I.;"57201467534;56462166000;8529104000;";Expressive power of recurrent neural networks;2018
Leblond R., Alayrac J.-B., Osokin A., Lacoste-Julien S.;"57202058596;57191077348;57210766875;8426902900;";SeaRNN: Training rnNs with global-local losses;2018
Kochurov M., Garipov T., Podoprikhin D., Molchanov D., Ashukha A., Vetrov D.;"57210582815;57205286671;56737204800;57209745650;57202058297;8382687000;";Bayesian incremental learning for deep neural networks;2018
Atanov A., Ashukha A., Molchanov D., Neklyudov K., Vetrov D.;"57209748950;57202058297;57209745650;57193489288;8382687000;";Uncertainty estimation via stochastic batch normalization;2018
Panchenko A., Lopukhina A., Ustalov D., Lopukhin K., Arefyev N., Leontyev A., Loukachevitch N.;"55632785700;56292060700;55968856600;57034206500;57034231700;57211420185;6504197092;";Russe'2018: A shared task on word sense induction for the Russian language;2018
Pruzhinskaya M., Malanchev K., Kornilov M., Ishida E.E.O., Mondon F., Volnova A., Korolev V.;"36675573100;57004771800;36642282900;12143229200;57211850345;15521550900;56418177400;";Machine learning analysis of supernova light curves;2018
Sokolova A., Konushin A.;"57206721413;6506829728;";Review of video gait recognition methods;2018
Khrushkov P.V., Shakhuro V.I., Konushin A.S.;"57215314480;57189263484;6506829728;";Generation of synthetic traffic sign images using conditional generative adversarial networks;2018
Shehtman V.;"16470280300;";On Kripke completeness of some modal predicate logics with the density axiom;2018
Galitsky B., Ilvovsky D.;"6603420071;55967196200;";Building Dialogue Structure from Discourse Tree of a Question;2018
Bayatli S., Kurnaz S., Salimzianov I., Washington J.N., Tyers F.M.;"57205402846;57203640255;57215122548;57198788354;36474191000;";Rule-based machine translation from Kazakh to Turkish;2018
Serova E., Guryeva I.;"56736379900;57211403170;";Health care information technologies innovation;2018
Oknyansky V.L., Malanchev K.L., Martin Gaskell C.;"56392912500;57004771800;57211397376;";Changing-look Narrow-Line Seyfert 1s?;2018
Dunin-Barkowski P., Norbury P., Orantin N., Popolitov A., Shadrin S.;"26026587500;6603471656;8933918200;26031685800;6701858409;";Primary invariants of hurwitz frobenius manifolds;2018
Khanzhina N., Putin E., Filchenkov A., Zamyatina E.;"57192385166;57189310406;55507568200;56650989100;";Pollen grain recognition using convolutional neural network;2018
Bartunov S., Vetrov D.P.;"55583130200;8382687000;";Few-shot generative modelling with generative matching networks;2018
Izmailov P.A., Novikov A.V., Kropotov D.A.;"57205290654;56462166000;56414713100;";Scalable gaussian processes with billions of inducing inputs via tensor train decomposition;2018
ALRossais N.A., Kudenko D.;"57203389098;6603157921;";Evaluating stereotype and non-stereotype recommender systems;2018
Garipov T., Izmailov P., Podoprikhin D., Vetrov D., Wilson A.G.;"57205286671;57205290654;56737204800;8382687000;57203334715;";Loss surfaces, mode connectivity, and fast ensembling of DNNs;2018
Struminsky K., Lacoste-Julien S., Osokin A.;"57192574102;8426902900;57210766875;";Quantifying learning guarantees for convex but inconsistent surrogates;2018
Morozov S., Babenko A.;"57215017753;55365536600;";Non-metric similarity graphs for maximum inner product search;2018
Gostev I.M., Sevastyanov L.A., Melezhik V.S.;"6602252369;8783969400;7005803269;";About one principle to identification of shape of object;2018
Okounkov A.;"6701591697;";Enumerative geometry and geometric representation theory;2018
Gadetsky A., Yakubovskiy I., Vetrov D.;"57207874713;57207874514;8382687000;";Conditional generators of words definitions;2018
Otekunrin A.O., Nwanji T.I., Agba D.Z., Olowookere J.K., Fakile S.A., Ajayi S.A., Falaye A.J., Eluyela D.F., Oladiran T.;"57195759380;22938690600;57207843662;57205546288;42261201600;57205547087;57205547402;57193429290;57207843985;";Outsourcing of accounting services and strategic cost management method: (A case study of dangote flour Plc and Doyin investment Nig. Ltd);2018
Zyulyaeva M.;"57207846819;";Research of project portfolios in the field of sustainable development based on open information: A case study of companies in the mining & metals industry;2018
Ingacheva A., Kokhan V., Osipov D.;"56766215000;57207769617;24481886700;";Mapping of enclosed buildings using mobile radio tomography;2018
Sych D., Shcherbatenko M., Elezov M., Goltsman G.N.;"7801389142;56095501200;39861307900;7006771637;";Towards the improvement of the heterodyne receiver sensitivity beyond the quantum noise limit;2018
Fay M., Kazantsev N.;"57193952967;36237354600;";When smart gets smarter: How big data analytics creates business value in smart manufacturing;2018
Lukinskiy V., Pletneva N.;"56151945100;57220064093;";Impact of solutions for goods transportation on business efficiency and traffic safety;2018
Kurganov V., Gryaznov M., Dorofeev A.;"57196729393;57196704983;56114596900;";Management of transportation process reliability based on an ontological model of an information system;2018
Dyatchkova N., Grishunin S., Karminsky A.;"57209577328;56990074700;37053822300;";Credit ratings patterns for BRICS industrial companies;2018
Shvydun S.;"55862150500;";Influence Assessment in Multiplex Networks using Social Choice Rules;2018
Aleskerov F., Karabekyan D., Ivanov A., Yakuba V.;"7003947309;37089067400;57169333600;15838265400;";Individual manipulability of majoritarian rules for one-dimensional preferences;2018
Arkhipov D., Battaïa O., Cegarra J., Lazarev A.;"57045740500;54881280800;15130657500;7101908181;";Operator assignment problem in aircraft assembly lines: A new planning approach taking into account economic and ergonomic constraints;2018
Efimov A.A., Minkov K.N., Arsenov P.V., Protas N.V., Ivanov V.V.;"55820446000;57191752913;57191381546;57201065713;55981719800;";Investigation of sintering of silver lines on a heated plastic substrate in the dry aerosol jet printing;2018
Prokhodtsov A., An P., Kovalyuk V., Zubkova E., Golikov A., Korneev A., Ferrari S., Pernice W., Goltsman G.;"57205654029;41861081500;35778256000;57198350723;57146998800;7006297830;56594333800;16040560600;7006771637;";Optimization of on-chip photonic delay lines for telecom wavelengths;2018
Zubkova E., An P., Kovalyuk V., Korneev A., Ferrari S., Pernice W., Goltsman G.;"57198350723;41861081500;35778256000;7006297830;56594333800;16040560600;7006771637;";Optimization of contra-directional coupler based on silicon nitride Bragg rib waveguide;2018
An P., Kovalyuk V., Golikov A., Zubkova E., Ferrari S., Korneev A., Pernice W., Goltsman G.;"41861081500;35778256000;57146998800;57198350723;56594333800;7006297830;16040560600;7006771637;";Experimental optimisation of O-ring resonator Q-factor for on-chip spontaneous four wave mixing;2018
Komrakova S., Javadzade J., Vorobyov V., Bolshedvorskii S., Soshenko V., Akimov A., Kovalyuk V., Korneev A., Goltsman G.;"57196190025;57192943612;56308717200;57192835419;56660580600;27967561600;35778256000;7006297830;7006771637;";On-chip controlled placement of nanodiamonds with a nitrogen-vacancy color centers (NV);2018
Zolotov P.I., Divochiy A.V., Vakhtomin Y.B., Lubenchenko A.V., Morozov P.V., Shurkaeva I.V., Smirnov K.V.;"57191403728;22979146300;6505889206;6506749223;57189463850;57193701878;22945547300;";Influence of sputtering parameters on the main characteristics of ultra-thin vanadium nitride films;2018
Kovalyuk V., Kahl O., Ferrari S., Vetter A., Lewes-Malandrakis G., Nebel C., Korneev A., Goltsman G., Pernice W.;"35778256000;56898793400;56594333800;57188632848;55681662400;7006405412;7006297830;7006771637;16040560600;";On-chip single-photon spectrometer for visible and infrared wavelength range;2018
Smirnov E., Golikov A., Zolotov P., Kovalyuk V., Lobino M., Voronov B., Korneev A., Goltsman G.;"57214088126;57146998800;57191403728;35778256000;11141893900;57200973381;7006297830;7006771637;";Superconducting nanowire single-photon detector on lithium niobate;2018
Golikov A., Kovalyuk V., An P., Zubkova E., Ferrari S., Pernice W., Korneev A., Goltsman G.;"57146998800;35778256000;41861081500;57198350723;56594333800;16040560600;7006297830;7006771637;";Silicon nitride nanophotonic circuit for on-chip spontaneous four-wave mixing;2018
Romanov N.R., Zolotov P.I., Vakhtomin Y.B., Divochiy A.V., Smirnov K.V.;"57205652655;57191403728;6505889206;22979146300;22945547300;";Electron diffusivity measurements of VN superconducting single-photon detectors;2018
Korchagina E., Shignanova R.;"57205427575;57205619036;";Study of the North Baikal region attractiveness for domestic tourism development;2018
Teplova T.V, Sokolova T.V, Galenskaya K.V, Teplov A.S;"56030567300;56988766100;57202513567;57200537965;";Ownership structure and obstacle to finance under control of institutional environment and bond market development;2018
Korchagina E., Shignanova R.;"57205427575;57205619036;";Development of the North Baikal as a tourist destination: Problems and perspectives;2018
Saltan A., Jansen S., Smolander K.;"57194017002;13610847800;6602550741;";Decision-making in software product management: Identifying research directions from practice;2018
Saltan A., Seffah A.;"57194017002;6701514182;";Engineering and business aspects of SaaS model adoption: Insights from a mapping study;2018
Dvoretskaya I.;"57205502028;";School digitalization from the teachers’ perspective in Russia;2018
Gevorkyan M.N., Demidova A.V., Korolkova A.V., Kulyabov D.S., Sevastianov L.A., Gostev I.M.;"57190004380;57191952809;36968057600;35194130800;8783969400;6602252369;";Pseudo-random number generator based on neural network;2018
Zharova A., Elin V., Panfilov P.;"56964137900;57194154089;24765338600;";Electronic document as a tool of digital economy;2018
Karpova I., Karpov V.;"56559719700;54926527800;";Some mechanisms for managing aggressive behavior in group robotics;2018
Zharova A., Elin V., Panfilov P.;"56964137900;57194154089;24765338600;";Technological and legal issues of identifying a person on the internet to ensure information security;2018
Ziganurova L., Shchur L.;"57188758769;56004933800;";Properties of the parallel discrete event simulation algorithms on small-world communication networks;2018
Katona A., Panfilov P.;"57205458155;24765338600;";Building predictive maintenance framework for smart environment application systems;2018
Zalipynis R.A.R.;"57197832000;";ChronosDB: Distributed, file based, geospatial array DBMS;2018
Tkachenko E., Rogova E., Kokh V., Bodrunov S.;"57188755331;56323812600;57205378961;57188754459;";The valuation of intangible assets based on the intellectual capital leverages concept;2018
Talipova A., Parsegov S.;"57142433300;57203925912;";Evolution of natural gas business model with deregulation, financial instruments, technology solutions, and rising LNG export. Comparative study of projects inside the US and abroad;2018
Gurevich D., Saponov P.;"7004262397;6602409805;";From Reflection Equation Algebra to Braided Yangians;2018
Ushakov V.L., Sharaev M.G., Malashenkova I.K., Krynskiy S.A., Kartashov S.I., Orlov V.A., Malakhov D.G., Hailov N.A., Ogurtsov D.P., Zakharova N.V., Didkovsky N.A., Maslennikova A.V., Arkhipov A.Y., Strelets V.B., Arsalidou M., Velichkovsky B.M., Kostyuk G.P.;"35849953400;56664515200;6508276299;55965386600;55929831400;57188876223;57188739027;57188829206;57188826245;57204144307;7004373221;55354020400;56747483800;7006710888;26665961200;57216017177;57200081884;";Basic cognitive architectures and neuroimmune serum biomarkers in schizophrenia;2018
Verkhlyutov V., Sharaev M., Balaev V., Osadtchi A., Ushakov V., Skiteva L., Velichkovsky B.;"6506302648;56664515200;55312315500;57205298379;35849953400;57188870772;57216017177;";Towards localization of radial traveling waves in the evoked and spontaneous MEG: A solution based on the intra-cortical propagation hypothesis;2018
Izmailov P., Podoprikhin D., Garipov T., Vetrov D., Wilson A.G.;"57205290654;56737204800;57205286671;8382687000;57203334715;";Averaging weights leads to wider optima and better generalization;2018
Shpakova T., Bach F., Osokin A.;"57194219076;7202286449;57210766875;";Marginal weighted maximum log-likelihood for efficient learning of perturb-and-map models;2018
Korotkov A.G., Kazakov A.O., Levanova T.A., Osipov G.V.;"56988835000;57192956902;55602449100;7005282169;";Chaotic regimes in the ensemble of FitzhHugh-Nagumo elements with weak couplings⁎;2018
Korotaev A., Lyadova L.;"57205200574;57197736058;";Method for the development of recommendation systems, customizable to domains, with deep GRU network;2018
Zamyatina E., Mikov A., Lanin V.;"56650989100;8917568900;56562823800;";Automation of simulation steps using ontological approach;2018
Kalinina M., Kuznetsov V., Kuskova V.;"57213996779;57205184360;25224661800;";Fourty years of network science: Analysis of journal contribution to the field;2018
Rybakov V., Malafeev A.;"57205189229;56441670100;";Aspect-based sentiment analysis of Russian hotel reviews;2018
Mosolova A.V., Fomin V.V., Bondarenko I.Yu.;"57205182513;57203316980;57203320302;";Text augmentation for neural networks;2018
Maltina L., Malafeev A.;"57205182795;56441670100;";Automatic morphemic analysis of Russian words;2018
Makarov I., Polyakov P., Karpichev R.;"57203060623;55409073700;57205183646;";Voronoi-based path planning based on visibility and kill/death ratio tactical component;2018
Bakarov A.;"57204777516;";Vector space models for automatic misogyny identification;2018
Belyaev I.A., Belavina E.A., Kotlyar A.V., Listratov Y.I., Sviridov V.G.;"55204664900;57205022953;57220378021;8305395600;7004942484;";Heat transfer in mixed convection of molten salt in the presence of magnetic fields;2018
Iudin D.I., Davydenko S.S., Gotlib V.M., Dolgonosov M.S., Zelenyi L.M.;"6603025236;6603440932;8680640300;16307075400;7004885025;";Physics of lightning: New model approaches and prospects for satellite observations;2018
Izmodenov V.V.;"6701403199;";Global structure of the heliosphere: 3D kinetic-MHD model and the interpretation of spacecraft data;2018
Afanas'ev V., Matveeva N.;"7202887350;57204978874;";Control Design for Nonlinear Systems via Controller with Quasi-fixed Parameters;2018
Afanas'ev V., Presnova A.;"7202887350;57204978165;";Algorithms for the Parametric Optimization of Nonlinear Systems Based on the Conditions of Optimal System;2018
Andrianova O.G., Belov A.A.;"55507711800;57193753066;";Robust Anisotropy-Based Control for Uncertain Descriptor Systems with Transient Response Constraints;2018
Toldova S., Pisarevskaya D., Kobozeva M., Vasilyeva M.;"56147544600;57194718044;57194719463;56292033300;";The cues for rhetorical relations in Russian: “Cause—effect” relation in Russian rhetorical structure treebank;2018
Galitsky B., Taylor R.;"6603420071;57203322211;";Discovering and assessing heated arguments at the discourse level;2018
Slioussar N.A.;"42162211500;";Gender, declension and stem-final consonants: An experimental study of gender agreement in Russian;2018
Panchenko A., Lopukhina A., Ustalov D., Lopukhin K., Arefyev N., Leontyev A., Loukachevitch N.;"55632785700;56292060700;55968856600;57034206500;57034231700;57211420185;6504197092;";Russe’2018: A shared task on word sense induction for the Russian language;2018
Piperski A.Ch.;"56292174100;";Corpus size and the robustness of measures of corpus distance;2018
Sherstinova T.Yu.;"35090352700;";The structure of everyday dialogue as the sequence of speech acts;2018
Bolshakova E.I., Ivanov K.M.;"13608846000;57200091715;";Term extraction for constructing subject index of educational scientific text;2018
Skorinkin D., Fischer F., Palchikov G.;"56291668800;57216695473;57203315528;";Building a corpus for the quantitative research of Russian drama: Composition, structure, case studies;2018
Levin I., Andriyanets V., Iomdin B., Ambartsumian A.;"57203316606;57203320028;36113739700;57203316172;";Lexical variation: word knowledge and polysemy in Russian everyday life lexicon;2018
Doikov N., Richtarik P.;"57204804663;49862075900;";Randomized Block Cubic Newton Method;2018
Dvurechensky P., Gasnikov A., Kroshnin A.;"56103984000;15762551000;57201720580;";Computational Optimal Transport: Complexity by Accelerated Gradient Descent Is Better Than by Sinkhorn's Algorithm;2018
Gerasimova O., Kikot S., Zakharyaschev M.;"57190962423;50262220100;6602982360;";Towards a data complexity classification of ontology-mediated queries with covering;2018
Petrovskiy D., Barashkov A., Sobolevsky V., Sokolov B., Pjatkov V.;"57204687378;57236702200;57204686470;7101767324;57193765768;";On the real time logistics monitoring system development using artificial neural network;2018
Sokolov B., Kovalev A., Kalinin V., Minakov E., Petrovskiy D.;"7101767324;57193096655;57198227846;57194491690;57204687378;";Logic-dynamic model and algorithms of operation complex planning of active mobile objects automated control system;2018
Zykov S.V., Shumsky L.D., Tykushin A.V., Tormasov A.G.;"36146486900;55930146900;57204673040;6506906010;";Applicative-based automatic configuration management for virtual machines;2018
Nikolaev R., Idiatuallin R., Nikolaeva D.;"57204681258;57204680104;57204198492;";Software System in Hyperloop pod;2018
Zimina E., Novopashin M., Shmid A.;"57204501401;57193280122;57193272366;";Cloud technologies in the problems of mathematical analysis of cardiological information;2018
Turuntaev I.S., Danilov V.G.;"57190292656;7201827676;";The problem of automatic answer checking and some other issues in math educational systems development;2018
Veretennik E.;"57195359867;";The intellectual capital of schools in St Petersburg: Analysing the status quo of IC application in Russia;2018
Tkachenko E., Rogova E., Bodrunov S.;"57188755331;56323812600;57188754459;";Application of knowledge management tools in the environmental policy of the region (Case of St Petersburg);2018
Egorov A.;"57200640398;";The role of vocational education in the formation of career trajectories in Russia;2018
Sokolova A.D., Savchenko A.V.;"57209335722;42962245900;";Data organization in video surveillance systems using deep learning;2018
Kharchevnikova A.S., Savchenko A.V.;"57200090962;42962245900;";Video-based age and gender recognition in mobile applications;2018
Dmitriev E., Kim Y., Matveeva A., Montacié C., Boulard Y., Sinyavskaya Y., Zhukova Y., Zarazinski A., Akhanov E., Viksnin I., Shlykov A., Usova M.;"57204218629;57208521590;57204215042;6506182062;57204212500;57195353318;57202510774;57225237334;57204213202;57191359693;57199323106;57204217860;";LOCUST - Longitudinal corpus and toolset for speaker verification;2018
Andreychuk A., Yakovlev K.;"57195683443;57125950700;";Two techniques that enhance the performance of multi-robot prioritized path planning;2018
Kharchevnikova A.S., Savchenko A.V.;"57200090962;42962245900;";The video-based age and gender recognition with convolution neural networks;2018
Kurmukov A., Dodonova Y., Burova M., Mussabayeva A., Petrov D., Faskowitz J., Zhukov L.E.;"57193615065;36631699700;57200380373;57203986506;57191332548;57204399325;56962754300;";Topological modules of human brain networks are anatomically embedded: Evidence from modularity analysis at multiple scales;2018
Batsyn M., Bychkov I., Komosko L., Nikolaev A.;"37111907600;55842563400;56568388000;56729990500;";Tabu search for fleet size and mix vehicle routing problem with hard and soft time windows;2018
Semenov D.P., Koldanov P.A.;"57194799371;55630761900;";Rejection graph for multiple testing of elliptical model for market network;2018
Matveeva N., Poldin O.;"57194632397;55787103800;";Analysis of co-authorship networks and scientific citation based on Google scholar;2018
Karpov N., Lyashuk A., Vizgunov A.;"56337992700;57203982151;55648576200;";Sentiment analysis using deep learning;2018
Zaytsev D., Drozdova D.;"57191168805;57200798896;";Mapping paradigms of social sciences: Application of network analysis;2018
Koldanov A.P., Voronina M.A.;"6603418986;57194796941;";Robust statistical procedures for testing dynamics in market network;2018
Kostyakova N., Karpov I., Makarov I., Zhukov L.E.;"57203985336;56005507700;57203060623;56962754300;";Commercial astroturfing detection in social networks;2018
Sokolova A.D., Savchenko A.V.;"57209335722;42962245900;";Cluster analysis of facial video data in video surveillance systems using deep learning;2018
Koldanov P.A.;"55630761900;";Invariance properties of statistical procedures for network structures identification;2018
Utkina I.;"57191223664;";Using modular decomposition technique to solve the maximum clique problem;2018
Ponomarenko A., Utkina I., Batsyn M.;"55345834600;57191223664;37111907600;";A model of optimal network structure for decentralized nearest neighbor search;2018
Laptsuev R., Ananyeva M., Meinster D., Karpov I., Makarov I., Zhukov L.E.;"57203984093;57195756910;57203981743;56005507700;57203060623;56962754300;";Information propagation strategies in online social networks;2018
Grechikhin I.S., Kalyagin V.A.;"56233235500;13002922100;";Comparison of statistical procedures for Gaussian graphical model selection;2018
Gribanov D.V.;"56593174100;";FPT algorithms for the shortest lattice vector and integer linear programming problems;2018
Nelyubin A.P., Podinovski V.V., Potapov M.A.;"38361897000;55996020400;57203980825;";Methods of criteria importance theory and their software implementation;2018
Rubchinsky A.;"7801333355;";Graph Dichotomy algorithm and its applications to analysis of stocks market;2018
Ignatov D.I., Kursitys V.;"56926915100;57203904863;";Understanding collaborative filtering with galois connections;2018
Botovalkina A.V., Levina V.S., Kudinova K.M.;"57203790127;57203782608;57203779032;";Economics of cultural tourism: The case of the Korean Wave;2018
Sedova T.V., Korovushkina M.V., Kirsanova M.A.;"57203781489;57203788841;57207620782;";The problem of the development of inbound tourism in russia;2018
Bulgakov A.L.;"57203781209;";Big data and travel industry;2018
Shirokov D.;"25629062100;";Clifford algebras and their applications to Lie groups and spinors;2018
Aksenov S., Sorgente D.;"15080694300;23390940100;";Characterization of stress-strain behavior of superplastic titanium alloy by free bulging tests with pressure jumps;2018
Chernoskutov J.J., Goncharko O.J., Tiskin D.B.;"57203727673;57190307283;57194500182;";Logic today. Conference overview;2018
Gavrylenko P., Lisovyy O.;"54683886200;6505786704;";Pure SU(2) Gauge theory partition function and generalized bessel kernel;2018
Knyazeva H.;"57201481079;";Management of co-evolutionary complexity some methodological considerations;2018
Toldova S., Pisarevskaya D., Kobozeva M., Vasilyeva M.;"56147544600;57194718044;57194719463;56292033300;";The cues for rhetorical relations in Russian: “cause-effect” Relation in Russian rhetorical structure treebank;2018
Sadov M.A., Kutuzov A.B.;"57203319942;57194718597;";Use of morphology in distributional word embedding models: Russian language case;2018
Bolshakova E.I., Ivanov K.M.;"13608846000;57200091715;";Term extraction for constructing subject index of educational scientific text;2018
Ryzhova D.A., Меlnik A.A., Yershov I.A., Panteleeva I.M., Paperno D.A., Singh Ya., Sobolev M.;"57195609791;57203321793;57203318389;57194716280;37124870200;57203320929;57214584704;";Automatic data collection in lexical typology;2018
Slioussar N.A.;"42162211500;";Gender, declension and stem-final consonants: An experimental study of gender agreement in Russian;2018
Apresjan V.Ju., Shmelev A.D.;"55965625400;57194493536;";Russian constRuctions chainik dolgo (ne) zakipaet, komp'iuteR dolgo (ne) zagRuzhaetsia;2018
Andriyanets V., Daniel M., Pakendor B.;"57203320028;55824230500;6603657026;";Discovering dialectal differences based on oral corpora;2018
Mikhaylov S.A., Shershneva D.M.;"57203321612;57203321259;";Dictionary aggregator Vyshka. Dictionaries;2018
Shavrina T.;"57194513345;";Differential approach to web-corpus construction;2018
Galitsky B., Taylor R.;"6603420071;57203322211;";Discovering and assessing heated arguments at the discourse level;2018
Bakarov A., Kutuzov A., Nikishina I.;"57204777516;57194718597;57203315660;";Russian computational linguistics: Topical structure in 2007-2017 conference papers;2018
Apresyan V.Ju.;"57203320977;";Disambiguation of scope in written english texts;2018
Skorinkin D., Fischer F., Palchikov G.;"56291668800;57216695473;57203315528;";Building a corpus for the quantitative research of Russian drama: Composition, structure, case studies;2018
Levin I., Andriyanets V., Iomdin B., Ambartsumian A.;"57203316606;57203320028;36113739700;57203316172;";Lexical variation: Word knowledge and polysemy in Russian everyday life lexicon;2018
Sherstinova T.Yu.;"35090352700;";The structure of everyday dialogue as the sequence of speech acts;2018
Piperski A.Ch.;"56292174100;";Corpus size and the robustness of measures of corpus distance;2018
Makhalova T., Kuznetsov S.O., Napoli A.;"56904199800;7202573378;7005873419;";MDL for FCA: is there a place for background knowledge?;2018
Safin K., Ogaltsov A.;"57197787627;57197785702;";Detecting a change of style using text statistics: Notebook for PAN at CLEF 2018;2018
Smirnov I.;"57193850740;";Predicting PISA scores from students' digital traces;2018
Shaposhnikov S.V.;"36953589600;";Nonlinear Fokker–Planck–Kolmogorov equations for measures;2018
Bogachev V.I.;"7005751293;";Stationary Fokker–Planck–Kolmogorov equations;2018
Brzeźniak Z., Dhariwal G., Hussain J., Mariani M.;"16411077100;57196483039;57202956379;12138970800;";Stochastic and deterministic constrained partial differential equations;2018
Belfodil A., Kuznetsov S.O., Kaytoue M.;"57196120879;7202573378;27567839200;";Pattern setups and their completions;2018
Arkhipov D., Battaïa O., Cegarra J., Lazarev A.;"57045740500;54881280800;15130657500;7101908181;";Work planning in low-volume assembly lines under ergonomic constraints;2018
Kuzmina L., Osipov Y.;"56104145400;7004957058;";Particle transport in a porous medium with initial deposit;2018
Burov A.A., Guerman A.D., Kosenko I.I., Nikonov V.I.;"14120866400;6508339570;6602748639;56224480800;";Dynamics and control of space tethers;2018
Ferreira A.F.S., Prado A.F.B.A., Guerman A.D., Santos D.P.S., Burov A., Winter O.C.;"56176634300;7006625726;6508339570;25637717300;14120866400;6701467437;";Using tethers to build a “capture portal” for the planets;2018
Ferreira A.F.S., Prado A.F.B.A., Guerman A.D., Santos D.P.S., Burov A., Winter O.C.;"56176634300;7006625726;6508339570;25637717300;14120866400;6701467437;";Dynamics of a space tether in binary asteroids;2018
Delhey J., Boehnke K., Dragolov G., Ignácz Z.S., Larsen M., Lorenz J., Koch M.;"56120644000;7004227037;55248330100;57202753079;57202743638;57193618949;57202746545;";Social cohesion and its correlates: A comparison of western and asian societies;2018
Bernardinello L., Lomazova I., Nesterov R., Pomello L.;"22733831400;6701413146;57189889731;22735111500;";Compositional discovery of workflow nets from event logs using morphisms;2018
Bychkov I., Batsyn M.;"55842563400;37111907600;";A hybrid approach for the capacitated vehicle routing problem with time windows;2018
Darkhovsky B., Piryatinska A.;"6603906205;10040800700;";Classification of multivariate time series of arbitrary nature based on the ɛ -complexity theory;2018
Zlotnik A., Lomonosov T.;"7101674545;57202113542;";On conditions for weak conservativeness of regularized explicit finite-difference schemes for 1d barotropic gas dynamics equations;2018
Romanov I., Romanova A.;"50162257800;56167257100;";Some Problems of Controllability of Distributed Systems Governed by Integrodifferential Equations;2018
Burov A.A., Guerman A.D., Kosenko I.I., Nikonov V.I.;"14120866400;6508339570;6602748639;56224480800;";Dynamics of a Pendulum Anchored to a Rotating Asteroid;2018
Ingacheva A., Chukalina M., Khanipov T., Nikolaev D.;"56766215000;6603013820;56543521600;36859920000;";Blur kernel estimation with algebraic tomography technique and intensity profiles of object boundaries;2018
Buzmakov A., Zolotov D., Chukalina M., Nikolaev D., Gladkov A., Ingacheva A., Yakimchuk I., Asadchikov V.;"8624310500;35423198200;6603013820;36859920000;56543076800;56766215000;25655491400;7004211938;";Overview of machine vision methods in X-ray imaging and microtomography;2018
Buzmakov A., Ingacheva A., Prun V., Nikolaev D., Chukalina M., Ferrero C., Asadchikov V.;"8624310500;56766215000;55892399200;36859920000;6603013820;7005958405;7004211938;";Analysis of computer images in the presence of metals;2018
Rakov V.A., Tran M.D., Bogatov N.A., Syssoev V.S., Mareev E.A., Zhu Y., Kostinskiy A.Yu., Lyu W.;"57203079997;56419396300;6603914655;6505825460;35606965700;57215848125;6505632124;57200337035;";High-speed optical imaging of lightning and sparks: Some recent results;2018
Panov A.I., Yakovlev K.S., Suvorov R.;"56504794900;57125950700;55575679300;";Grid path planning with deep reinforcement learning: Preliminary results;2018
Kazantsev N., Bogomolova I., Radyukm A., Sukhanova E.;"36237354600;57213048724;57201636566;57201637497;";Demand-driven collaboration in the aerospace industry 4.0: Application of subject-oriented process management;2018
Pavlova N.G., Remizov A.O.;"55147722000;7005553945;";A brief survey on singularities of geodesic flows in smooth signature changing metrics on 2-surfaces;2018
Carayannis E.G., Grigoroudis E., Campbell D.F.J., Meissner D., Stamati D.;"7006225155;6506717307;8403349000;55337583500;57194618028;";The ecosystem as helix: an exploratory theory-building study of regional co-opetitive entrepreneurial ecosystems as Quadruple/Quintuple Helix Innovation Models;2018
